-0.049013086856994015, -0.005917159763313418
0.4267783872500326, -0.05917159763313595
0.7634086295512459, 0.03550295857988184
1.097862048114715, 0.17159763313609488
1.4032393210383107, 0.36094674556213
1.7364488403230682, 0.5207100591715976
2.0709022588865373, 0.6568047337278107
2.3803222044659433, 0.7692307692307696
2.7435407938496086, 0.8579881656804735
2.9994730704444335, 0.9881656804733729
3.4668682244201614, 1.0946745562130178
3.7011877510473807, 1.136094674556213
4.066272189349111, 1.1893491124260356
4.355323284239623, 1.1893491124260356
4.723206495918455, 1.1893491124260356
5.04008983717013, 1.1597633136094676
5.410149872586705, 1.1183431952662723
5.727344188658058, 1.0828402366863905
6.047648252926186, 0.9881656804733729
6.425171684015029, 0.804733727810651
6.751384269857037, 0.5976331360946743
7.132639398782014, 0.3431952662721893
7.461339783181445, 0.08875739644970437
7.782887746728286, -0.029585798816567976
8.078780287651707, -0.15976331360946716
8.502638966872542, -0.22485207100591698
8.74131214097525, -0.2662721893491127
9.138893447933313, -0.33136094674556205
9.456398738824344, -0.37278106508875775
9.80049237679782, -0.4201183431952664
10.116442793590462, -0.4319526627218937
10.459292532285232, -0.4556213017751478
10.853453116226842, -0.4556213017751478
11.143126160756704, -0.4674556213017751
11.45845462790999, -0.4674556213017751
11.799749492506372, -0.46153846153846123
12.167632704185205, -0.46153846153846123
12.483272146158168, -0.4674556213017751
12.824877985574222, -0.4674556213017751
13.140206452727508, -0.4674556213017751
13.507778689586662, -0.46153846153846123
13.796829784477175, -0.46153846153846123
14.165023970975685, -0.4674556213017751
14.480352438128968, -0.4674556213017751
14.795680905282254, -0.4674556213017751
15.163564116961084, -0.4674556213017751
15.531447328639917, -0.4674556213017751
15.873053168055975, -0.4674556213017751
16.214659007472033, -0.4674556213017751
16.52998747462532, -0.4674556213017751
16.8712823392217, -0.46153846153846123
17.186921781194663, -0.4674556213017751
17.47628385090485, -0.4733727810650885
17.84416706258368, -0.4733727810650885
18.133218157474193, -0.4733727810650885
18.474513022070575, -0.4674556213017751
18.790463438863217, -0.47928994082840237
19.158657625361723, -0.4852071005917158
19.52622986222088, -0.47928994082840237
19.89473502353907, -0.49112426035502965
