19.866747289768067, 0.041420118343195256
19.552040772254138, 0.029585798816567976
19.184157560575304, 0.029585798816567976
18.842862695978923, 0.02366863905325456
18.501567831382545, 0.017751479289940697
18.134928518982424, -0.005917159763313418
17.84618839891159, -0.01183431952662728
17.504893534315208, -0.017751479289940697
17.19018701680128, -0.029585798816567976
16.822303805122445, -0.029585798816567976
15.58788925841144, -0.041420118343195256
15.928873148188138, -0.029585798816567976
16.217924243078652, -0.029585798816567976
16.50728631278884, -0.035502958579881394
15.140551980304927, -0.029585798816567976
14.878400207316549, -0.041420118343195256
14.509895045998359, -0.029585798816567976
14.14201183431953, -0.029585798816567976
13.82699434198592, -0.035502958579881394
13.511354900012957, -0.029585798816567976
13.1697490605969, -0.029585798816567976
12.828143221180841, -0.029585798816567976
8.40577031054291, 0.11834319526627235
8.800552844123871, 0.10650887573964507
9.089914913834061, 0.10059171597633121
9.40555435580702, 0.09467455621301779
9.800336889387985, 0.08284023668639051
10.115976331360947, 0.0769230769230771
10.458826070055718, 0.053254437869822535
10.748499114585584, 0.041420118343195256
11.14265969852719, 0.041420118343195256
11.405744395974605, 0.03550295857988184
11.668829093422023, 0.029585798816567976
11.879670021163562, 0.017751479289940697
12.170586964972141, -0.017751479289940697
12.486537381764784, -0.029585798816567976
8.090130868569947, 0.12426035502958577
7.774180451777307, 0.13609467455621305
7.169489914913833, 0.14201183431952646
7.458541009804345, 0.14201183431952646
6.800673778775967, 0.1597633136094676
6.432479592277459, 0.16568047337278102
6.116840150304497, 0.17159763313609488
5.775234310888439, 0.17159763313609488
5.459905843735153, 0.17159763313609488
5.1439554269425125, 0.18343195266272172
4.749794843000907, 0.18343195266272172
4.434466375847623, 0.18343195266272172
4.0672051138081455, 0.17159763313609488
3.7518766466548614, 0.17159763313609488
3.410892756878158, 0.1597633136094676
3.0968081890035846, 0.13609467455621305
2.7561352740465592, 0.11834319526627235
2.4414287565326314, 0.10650887573964507
2.1276551634777343, 0.0769230769230771
1.787293223340388, 0.053254437869822535
1.4732086554658155, 0.029585798816567976
1.1591240875912412, 0.005917159763313862
0.8206279963719609, -0.053254437869822535
0.40143393944629224, -0.07692307692307665
-0.02273571459422019, -0.005917159763313418
