-0.03030742340400483, 0.009092227021201715
0.7180233432808052, -0.02752833114963016
1.0552344585556925, 0.0176702125622632
1.3688670549007478, 0.017527975557118047
1.7060234636351952, 0.06726169147152383
2.0192184076567266, 0.10340083208648032
2.380500400725408, 0.15312360669279856
2.645225349916709, 0.20742531873398118
3.030687633860067, 0.252601979829699
3.343554338638956, 0.31595215365973095
3.704781625167197, 0.3702101004685616
4.041992740442083, 0.4154086441804554
4.379313268797851, 0.4515368434873235
4.716360264451415, 0.5103409038067548
5.053626086266744, 0.5510042753161357
5.318351035458043, 0.605305987357319
5.727829490654754, 0.6595420515499733
6.064985899389201, 0.7092757674643793
6.378126136870293, 0.7499500802818482
6.691156961270504, 0.7996947375043424
7.02831337000495, 0.8494284534187486
7.365798017982041, 0.871951136118079
7.727517663374243, 0.8853925331042956
7.968664093635715, 0.8943534644284399
8.37879902731771, 0.8941674621909423
8.668306039328533, 0.8940361664938854
9.030299217422938, 0.8848017024675388
9.344150639929754, 0.8665187766523428
9.68212764677081, 0.8482249095290588
10.044449064107859, 0.8117794122876363
10.431333718102668, 0.7390415961180241
10.721880154381857, 0.6527420285732264
11.036223935752638, 0.5936425529354166
11.399201831574974, 0.5027749892638416
11.738327675765277, 0.3892425058877915
12.101524397749372, 0.28023425340616637
12.416141711822355, 0.19845891675579264
12.730540199733582, 0.1348242689154704
13.069228391600355, 0.05757316315952199
13.407424224603172, 0.02113860722618721
13.745510644525108, -0.006225604302122267
14.107667942240834, -0.029065584936006417
14.37310407645786, -0.033721111527488024
14.710862257137148, -0.033874289840721605
15.07285543523156, -0.04310875386706803
15.410668322451286, -0.04779710438281404
15.748481209671024, -0.05248545489856049
16.062004392935197, -0.0435573474986799
16.351401991865135, -0.03461829879071132
16.737192515051134, -0.016652670910070277
17.099021573524222, -0.01228161832887853
17.41259946332884, -0.007888683131511254
17.79849939959572, 0.0010066003441044913
18.087896998525657, 0.009945649052072625
18.401529594870713, 0.009803412046927473
18.71510748467533, 0.014196347244295193
19.076936543148417, 0.018567399825486497
19.390569139493472, 0.018425162820341345
19.776578488841235, 0.01825010189093179
