0.024721878862793645, 0
0.6180469715698393, 0.011221945137156908
0.9147095179233622, 0.029925187032418643
1.2113720642768842, 0.05610972568578543
1.5574783683559952, 0.09725685785536142
1.928306551297898, 0.11221945137157086
2.200247218788628, 0.1271820448877803
2.5957972805933247, 0.14962593516209455
2.9419035846724357, 0.1645885286783042
3.2385661310259577, 0.17955112219451363
3.559950556242275, 0.20199501246882767
3.8813349814585907, 0.21695760598503733
4.227441285537702, 0.23192019950124676
4.573547589616811, 0.2431421446384039
4.870210135970335, 0.26184538653366585
5.216316440049444, 0.2768079800498753
5.587144622991347, 0.2992518703241893
5.883807169344871, 0.31421446384039897
6.205191594561186, 0.3179551122194513
6.551297898640297, 0.34413965087281784
6.946847960444994, 0.35162094763092266
7.2435105067985175, 0.34788029925187036
7.589616810877627, 0.3665835411471321
7.8862793572311505, 0.3665835411471321
8.207663782447469, 0.3665835411471321
8.578491965389368, 0.35162094763092266
8.949320148331275, 0.3591022443890275
9.27070457354759, 0.3591022443890275
9.616810877626701, 0.3591022443890275
9.962917181705809, 0.3591022443890275
10.259579728059336, 0.34039900249376553
10.55624227441286, 0.3291770573566084
11.001236093943142, 0.3216957605985036
11.322620519159457, 0.2992518703241893
11.59456118665019, 0.2842892768079799
11.990111248454884, 0.2394014962593516
12.23733003708282, 0.18703241895261846
12.608158220024723, 0.13840399002493742
12.904820766378247, 0.09725685785536142
13.27564894932015, 0.052369077306733125
13.572311495673674, 0.01496259351620921
13.918417799752785, -0.007481296758104605
14.264524103831896, -0.029925187032418865
14.610630407911003, -0.05236907730673357
14.907292954264527, -0.06733167082294278
15.27812113720643, -0.08603491271820474
15.574783683559954, -0.08977556109725704
15.945611866501856, -0.09725685785536209
16.24227441285538, -0.09725685785536209
16.538936959208904, -0.108478802992519
16.9344870210136, -0.09725685785536209
17.231149567367122, -0.07481296758104783
17.527812113720646, -0.07107231920199508
17.82447466007417, -0.05610972568578587
18.0964153275649, -0.04488778054862852
18.39307787391842, -0.03366583541147161
18.689740420271942, -0.02244389027431426
18.986402966625466, -0.007481296758104605
19.233621755253402, 0
19.480840543881335, 0.011221945137156908
19.70333745364648, 0.022443890274314038
19.950556242274416, 0.029925187032418643
