0.06762425031778996, -0.00461255399560434
1.3195544420714969, 0.08826983725248727
1.6878762629781399, 0.1068736154517711
2.05642558346533, 0.10695892779447647
1.0253974844233884, 0.032646189808587245
0.5837070487901288, -0.013752349644105877
2.4002911994630995, 0.11629778557595749
2.744270565251144, 0.11637741042914884
3.1128198857383342, 0.11646272277185421
3.5058822860295358, 0.12118333906821821
3.8499185267127167, 0.11663334745726495
4.2184109723047705, 0.12134827626411493
4.661068281155355, 0.08904333582634916
4.9559077375451075, 0.08911158570051336
5.349027012731444, 0.08920258553273275
5.668322674030069, 0.09853575582469976
6.0862394034961, 0.08011397728985381
6.430161894389007, 0.08482321860719022
6.774141260177052, 0.08490284346038202
7.167146785573115, 0.09425307622089019
7.560550435235136, 0.0711959937323865
7.904757300603729, 0.052757152728998946
8.248622916601498, 0.06209601051047997
8.64179906668297, 0.0575573938785543
9.01051901185557, 0.04375385682882582
9.329814673154194, 0.05308702712079327
9.772073857738823, 0.053189401932039804
10.116053223526867, 0.053269026785231155
10.460032589314912, 0.05334865163842295
10.804011955102956, 0.053428276491614746
11.197131230289292, 0.05351927632383369
11.541167470972473, 0.04896928471288087
11.909659916564527, 0.05368421351973085
12.27837986173713, 0.039880676470002374
12.622416102420312, 0.035330684859049555
13.015535377606648, 0.035421684691268496
13.408654652792984, 0.03551268452348744
13.728177813672156, 0.02632738895887643
14.047587224761054, 0.02640132632255421
14.48984640934568, 0.02650370113380074
14.883136309217429, 0.012705851573585836
15.276255584403765, 0.012796851405804777
15.571095040793518, 0.012865101279969426
15.86610512186868, -0.0009554982383006561
19.649707520851756, 0.013809224539242049
19.30572815506371, 0.013729599686050253
18.912608879877382, 0.013638599853831312
18.519546479586175, 0.008917983557467757
18.200307693182694, -0.005044803198644754
17.807245292891487, -0.00976541949500831
17.438582222614023, -0.0005914989094244483
17.045462947427687, -0.0006824987416433892
16.72605353633879, -0.0007564361053216118
16.3575042158516, -0.0008417484480269799
