0.008863702412089225, -0.0040322580645164585
0.4415140947398992, 0.008064516129032029
1.144289450741061, 0.012096774193548043
0.8198924731182782, 0.008064516129032029
1.442022667829118, 0.03629032258064502
1.847573379831445, 0.04435483870967705
2.118061609997092, 0.056451612903225534
2.4966579482708493, 0.06854838709677402
2.7670735251380396, 0.0766129032258065
3.1186428363847707, 0.08870967741935498
3.497093868061608, 0.092741935483871
3.7944638186573645, 0.09677419354838701
4.146105783202556, 0.11290322580645151
4.524556814879395, 0.11693548387096753
4.821926765475151, 0.12096774193548399
5.20037779715199, 0.125
5.497675094449287, 0.125
5.822072072072071, 0.12903225806451601
6.227477477477475, 0.12903225806451601
6.497675094449287, 0.125
6.794972391746583, 0.125
7.119442022667828, 0.13306451612903203
7.470793374019179, 0.13306451612903203
7.849026445800636, 0.125
8.200523103748907, 0.13306451612903203
8.551729148503338, 0.125
8.930107526881716, 0.125
9.254359197907586, 0.12096774193548399
9.578610868933449, 0.11693548387096753
9.902789886660852, 0.1088709677419355
10.227114210985178, 0.1088709677419355
10.551293228712584, 0.10080645161290303
10.848663179308339, 0.10483870967741948
11.19994187736123, 0.10080645161290303
11.578247602441152, 0.09677419354838701
11.875617553036907, 0.10080645161290303
12.172914850334205, 0.10080645161290303
12.497093868061608, 0.092741935483871
12.902426620168555, 0.08870967741935498
13.226678291194418, 0.08467741935483897
13.551147922115664, 0.092741935483871
13.875326939843067, 0.08467741935483897
14.226605637895958, 0.08064516129032251
14.550857308921824, 0.0766129032258065
14.902063353676258, 0.06854838709677402
15.199433304272016, 0.07258064516129004
15.52375762859634, 0.07258064516129004
15.847936646323742, 0.06451612903225756
16.22631502470212, 0.06451612903225756
16.550566695727984, 0.06048387096774155
16.84771868642836, 0.05241935483870952
17.22609706480674, 0.05241935483870952
17.57744841615809, 0.05241935483870952
17.955754141238014, 0.04838709677419306
18.25290613193839, 0.04032258064516103
18.604184829991283, 0.03629032258064502
18.901482127288574, 0.03629032258064502
19.252833478639925, 0.03629032258064502
19.577157802964255, 0.03629032258064502
19.95553618134263, 0.03629032258064502
