19.800354165766855, -0.19526627218934944
19.51099209605667, -0.18934911242603514
19.19597460372306, -0.19526627218934944
18.880646136569776, -0.19526627218934944
18.512762924890943, -0.19526627218934944
18.144257763572757, -0.18343195266272216
17.828929296419467, -0.18343195266272216
17.461357059560317, -0.18934911242603514
17.146961516866064, -0.20710059171597672
16.80473372781065, -0.19526627218934944
16.49064915993608, -0.21893491124260356
16.14997624497905, -0.23668639053254426
15.80930333002203, -0.2544378698224854
15.468319440245324, -0.2662721893491127
15.127335550468622, -0.27810650887573996
14.785729711052564, -0.27810650887573996
14.470712218718955, -0.28402366863905293
14.154139852286963, -0.2603550295857988
13.81129011359219, -0.23668639053254426
13.494717747160191, -0.2130177514792897
13.17783440590852, -0.18343195266272216
12.781186023409493, -0.13609467455621305
12.410815013173242, -0.08875739644970393
12.146486416447114, -0.05917159763313595
11.456122316762407, 0.0769230769230771
11.083574482788407, 0.16568047337278102
10.76482529261867, 0.23076923076923084
10.445143177989895, 0.31360946745562135
11.77580443139118, -0.005917159763313418
10.071040469917502, 0.43195266272189325
9.725080983025958, 0.5147928994082838
9.459197512201442, 0.5739644970414202
9.086960653047122, 0.6568047337278107
8.742867015073639, 0.7041420118343193
8.372496004837384, 0.7514792899408285
8.053124865028288, 0.8284023668639056
7.733442750399516, 0.9112426035502961
7.361516866064872, 0.9881656804733729
7.015557379173326, 1.0710059171597635
6.672085690839199, 1.106508875739645
5.98638621344966, 1.153846153846154
5.671057746296376, 1.153846153846154
5.303174534617544, 1.153846153846154
4.675627348507754, 1.0946745562130178
4.363097654731569, 1.0414201183431953
4.04963503649635, 1.0059171597633136
3.6851725478339743, 0.940828402366864
3.372953828877468, 0.8816568047337281
3.036323586576253, 0.7869822485207103
2.7250377920787807, 0.7100591715976332
2.3893404742366, 0.5976331360946743
2.0258109100332575, 0.5147928994082838
1.743601261175658, 0.3846153846153846
6.382101671489655, 1.1242603550295858
5.042888610547229, 1.106508875739645
1.4595257633999923, 0.2899408284023668
1.099727897032781, 0.13609467455621305
0.0035416576685536327, -0.005917159763313418
0.45461063361119525, -0.08875739644970393
0.7646525288299575, 0.01183431952662728
