0.024721878862793645, -0.007481296758104605
0.6180469715698393, 0.01496259351620921
0.9147095179233622, 0.05610972568578543
1.2360939431396778, 0.11970074812967568
1.6069221260815825, 0.17955112219451363
1.9530284301606917, 0.22443890274314193
2.2496909765142155, 0.26184538653366585
2.5957972805933247, 0.2917705735660845
2.9419035846724357, 0.33665835411471323
3.2632880098887513, 0.3665835411471321
3.5846724351050687, 0.4039900249376558
3.930778739184178, 0.4376558603491272
4.301606922126081, 0.46758104738154627
4.598269468479605, 0.4900249376558603
4.894932014833127, 0.5124688279301746
5.241038318912238, 0.5536159600997506
5.562422744128553, 0.5798004987531171
5.908529048207664, 0.6097256857855362
6.22991347342398, 0.6433915211970076
6.6007416563658845, 0.6546134663341647
6.8974042027194065, 0.6695760598503739
7.218788627935724, 0.6807980049875311
7.5401730531520395, 0.6957605985037405
7.985166872682325, 0.699501246882793
8.257107540173056, 0.6957605985037405
8.578491965389368, 0.6957605985037405
8.92459826946848, 0.6807980049875311
9.245982694684798, 0.6807980049875311
9.592088998763906, 0.6583541147132168
9.913473423980221, 0.6246882793017456
10.210135970333749, 0.5610972568578554
10.605686032138447, 0.5311720698254363
10.951792336217554, 0.45635910224438914
11.19901112484549, 0.38902743142144613
11.619283065512981, 0.3216957605985036
11.9406674907293, 0.2506234413965087
12.23733003708282, 0.20199501246882767
12.583436341161931, 0.11970074812967568
12.904820766378247, 0.07107231920199486
13.226205191594563, 0.022443890274314038
13.597033374536466, -0.011221945137157352
13.918417799752785, -0.05236907730673357
14.264524103831896, -0.08603491271820474
14.635352286773795, -0.12344139650872865
14.907292954264527, -0.13092269326683326
15.228677379480843, -0.16458852867830442
15.599505562422749, -0.17955112219451363
15.945611866501856, -0.17955112219451363
16.266996291718172, -0.18703241895261868
16.613102595797283, -0.1945137157107233
16.909765142150807, -0.1982543640897756
17.3053152039555, -0.18703241895261868
17.62669962917182, -0.17955112219451363
17.972805933250932, -0.15710723192019937
18.244746600741657, -0.14962593516209477
18.54140914709518, -0.13466334164588556
18.93695920889988, -0.12344139650872865
19.258343634116198, -0.1159600997506236
19.604449938195305, -0.09725685785536209
19.950556242274416, -0.08229426433915243
