3.8428509154315584, 1.2822580645161292
3.49048241790177, 1.2258064516129035
3.1649956408020916, 1.1612903225806452
2.8658093577448387, 1.0564516129032258
2.485033420517288, 0.9233870967741937
2.1848299912816014, 0.7620967741935483
1.802964254577157, 0.5685483870967742
1.5026155187445482, 0.39919354838709653
1.148212728857887, 0.22983870967741926
0.8209822725951739, 0.06854838709677402
0.4947689625108964, -0.03629032258064502
0.008863702412089225, -0.0040322580645164585
4.248328974135422, 1.2862903225806455
4.518163324614935, 1.2620967741935485
4.868788142981689, 1.2217741935483872
5.164487067712871, 1.1330645161290323
5.540976460331297, 1.028225806451613
5.8093577448416145, 0.9233870967741937
6.1588201104330125, 0.8185483870967742
6.508573089218249, 0.7298387096774195
6.831444347573381, 0.6491935483870968
7.180906713164777, 0.5443548387096773
7.476896251089796, 0.471774193548387
7.853530950305142, 0.375
8.17625690206335, 0.286290322580645
8.498982853821563, 0.19758064516129004
8.849099099099096, 0.12903225806451601
9.172115664051148, 0.056451612903225534
9.495640802092414, 0.012096774193548043
9.846265620459167, -0.02822580645161299
10.196672478930545, -0.08064516129032295
10.493315896541702, -0.11693548387096797
10.816986341179888, -0.153225806451613
11.194783493170586, -0.185483870967742
11.491426910781747, -0.22177419354838745
11.896396396396394, -0.24596774193548443
12.166085440278987, -0.278225806451613
12.54410055216507, -0.29838709677419395
12.814080209241496, -0.314516129032258
13.16521360069747, -0.3266129032258065
13.543374019180472, -0.338709677419355
13.894434757337983, -0.3548387096774195
14.218468468468469, -0.37096774193548443
14.515547805870387, -0.3830645161290325
14.866608544027898, -0.399193548387097
15.190787561755304, -0.40725806451612945
15.568947980238303, -0.41935483870967794
15.920081371694273, -0.431451612903226
16.21723336239465, -0.43951612903225845
16.541412380122054, -0.4475806451612905
16.86559139784946, -0.45564516129032295
17.162743388549842, -0.463709677419355
17.5409764603313, -0.47177419354838745
17.89218250508573, -0.4798387096774195
18.216434176111594, -0.4838709677419355
18.567567567567565, -0.495967741935484
