-0.006028738884512386, -0.009259232928289673
0.5340552653356045, 0.02790282355416851
2.0307181308634448, 0.19954556958785563
1.6381676046284799, 0.1531584051141901
1.2947001128966678, 0.11141223208369677
0.9020927117665627, 0.06965468407417585
2.349729417686385, 0.23202682220054616
2.717937488802754, 0.2598898333281192
3.1844822536108452, 0.2831459779496024
3.503436665538649, 0.320256847026438
3.8963853160395736, 0.33423669625109076
4.264877761631626, 0.33895162505794074
4.559603468231106, 0.3482791078603942
4.977122073431177, 0.3622646445745614
5.3455576441280925, 0.3716091898455556
5.714050089720146, 0.376324118652406
6.082656285102473, 0.3717798145309663
6.402008821296235, 0.37648336835878915
6.7950143466923, 0.3858336011192973
7.188361121459183, 0.36740613509493825
7.507770532548081, 0.367480072458616
7.900889807734417, 0.36757107229083497
8.269666627802152, 0.34913791877696143
8.589132913786191, 0.34458223967649504
9.006879018566806, 0.34004931053408294
9.375485213949137, 0.3355050064126437
9.71963520442259, 0.32169578187340164
10.112868229399199, 0.31252754877733135
10.505987504585535, 0.31261854860955074
10.850080620163853, 0.30343894053445286
11.194173735742174, 0.2942593324593554
11.489240691712473, 0.27580911647694073
11.882473716689082, 0.2666408833808709
12.275820491455969, 0.24821341735651137
12.644654186418846, 0.22515064737849366
13.01331725669631, 0.21597672679290936
13.308327337771471, 0.20215612727463972
13.701787862328631, 0.17446942832199097
14.09502088730524, 0.16530119522592113
14.51305136656154, 0.13762018376278595
14.906455016223562, 0.11456310127428138
15.225978177102734, 0.10537780570967037
15.668351111477635, 0.09622094759262767
15.963361192552798, 0.08240034807435759
16.307511183026257, 0.06859112353511598
16.72520041291174, 0.0686878108568485
17.044666698895774, 0.06413213175638166
17.437842848977247, 0.05959351512445599
17.757252260066146, 0.059667452488133765
18.125858455448473, 0.05512314836669452
18.46995157102679, 0.045943540291597085
18.814044686605108, 0.03676393221649965
19.059744233596568, 0.03682080711163671
19.403837349174886, 0.027641199036538833
