-0.006199363569923122, 0.004629616464144615
0.559364593671531, -0.03227650299019791
0.9267764162559828, 0.0604011386354002
1.2933351154133819, 0.2225230272231684
2.0266800133087255, 0.5282483385421253
1.7090905988642078, 0.3800266743258187
2.442606121444964, 0.671863136252342
2.784879240378899, 0.8108312550298731
3.1272092342079745, 0.9451697573432594
3.518679137435342, 1.0795196346356732
3.8612935057401003, 1.190710054628336
4.253047783443149, 1.3019118496000266
4.5956621517479075, 1.4131022695926896
4.962960224542085, 1.5150391441465771
5.281573387099067, 1.5799277120082804
5.674010163543761, 1.6355741094102352
6.017534530170709, 1.672690665976584
6.41019880619595, 1.7098185975219602
6.778577501997733, 1.7237927592570994
7.171696777184069, 1.7238837590893183
7.540530472146942, 1.7008209891113006
7.860849881558032, 1.6268210630486641
8.23036607526255, 1.5482028955009106
8.575312314267922, 1.4695790404636435
8.969114088195898, 1.4141146427261266
9.338516532110141, 1.3447557081066623
9.707975850919523, 1.2707671570230534
10.053320214190853, 1.1597359867367738
10.422950157685646, 1.071858586260731
10.817320680564992, 0.9700980238817678
11.187234998535468, 0.8590725410850015
11.58200364568078, 0.7249046634570264
11.902607429567551, 0.6277566550736668
12.247496793677785, 0.5537624165005441
12.617069862277441, 0.470514632488646
12.986756680667371, 0.37800761554845863
13.331873544358155, 0.2854949111187568
13.774815227684423, 0.23004188836026795
14.070109683235271, 0.1930732065212748
14.537393821680139, 0.15614433710887798
14.930911221132435, 0.12382802169208462
15.225978177102734, 0.10537780570967037
15.594698122275334, 0.0915742686599419
15.963418067447934, 0.07777073161021342
16.332194887515676, 0.05933757809633988
16.700914832688277, 0.045534041046611407
17.04489419847632, 0.0456136658998032
17.38898731405464, 0.036434057824705324
17.782106589240975, 0.03652505765692471
18.12642720439984, 0.008826983725248372
18.51948960469104, 0.013547600021612372
18.863639595164493, -0.0002616245176305654
19.232302665441964, -0.009435545103214427
19.601079485509693, -0.027868698617087517
