0.035963382737573824, 0
0.4415140947398992, 0.008064516129032029
1.172696890438825, 0.08870967741935498
0.8201104330136584, 0.020161290322580516
1.5251380412670716, 0.14919354838709653
1.8235251380412656, 0.20967741935483875
2.1762569020633524, 0.286290322580645
2.5015983725661126, 0.342741935483871
2.827375762859633, 0.4233870967741935
3.206771287416448, 0.4798387096774195
3.5050857308921817, 0.536290322580645
3.8302092414995634, 0.5806451612903225
4.1823597791339715, 0.6249999999999998
4.480092996222028, 0.6491935483870968
4.832170880557976, 0.689516129032258
5.210839872130194, 0.7056451612903227
5.535527462946815, 0.7258064516129032
5.86006974716652, 0.7379032258064517
6.238520778843355, 0.7419354838709677
6.617407730310955, 0.7701612903225805
6.887678000581225, 0.7701612903225805
7.211711711711711, 0.754032258064516
7.481546062191221, 0.7298387096774195
7.913760534728276, 0.717741935483871
8.210549258936354, 0.689516129032258
8.561464690496944, 0.6653225806451613
8.912598081952922, 0.653225806451613
9.263658820110432, 0.6370967741935485
9.533565823888402, 0.6169354838709677
9.857454228421968, 0.592741935483871
10.18148793955245, 0.5766129032258065
10.50544899738448, 0.556451612903226
10.829337401918043, 0.532258064516129
11.153443766346992, 0.5201612903225805
11.504359197907583, 0.495967741935484
11.855492589363553, 0.4838709677419355
12.206625980819528, 0.471774193548387
12.503487358326066, 0.44758064516129026
12.827521069456552, 0.43145161290322576
13.205390874745714, 0.40322580645161277
13.52920662598082, 0.375
13.907221737866898, 0.35483870967741926
14.177346701540252, 0.346774193548387
14.555361813426327, 0.3266129032258063
14.879540831153733, 0.318548387096774
15.203429235687302, 0.29435483870967727
15.527317640220865, 0.27016129032258074
15.85135135135135, 0.254032258064516
16.175457715780297, 0.24193548387096753
19.956553327521068, 0.092741935483871
19.632446963092125, 0.10483870967741948
19.3084859052601, 0.125
18.93025283347864, 0.13306451612903203
18.552165068294098, 0.14919354838709653
18.282040104620748, 0.157258064516129
17.903734379540833, 0.16129032258064502
17.60687300203429, 0.18548387096774155
17.228712583551292, 0.19758064516129004
16.445510026155183, 0.22983870967741926
16.769471083987213, 0.20967741935483875
17.039523394362107, 0.19758064516129004
