time_h,cell_index
1.59,3.9298245614035086
1.69,3.9298245614035086
1.79,3.9298245614035086
1.89,3.9298245614035086
1.99,3.9298245614035086
2.09,3.9298245614035086
2.19,3.9298245614035086
2.29,3.9298245614035086
2.39,3.9298245614035086
2.49,3.9298245614035086
2.59,3.9298245614035086
2.69,3.8479532163742687
2.79,2.8654970760233915
2.89,2.9473684210526314
2.99,0.04093567251461988
3.09,0.08187134502923976
3.19,0.08187134502923976
3.29,0.08187134502923976
3.39,0.04093567251461988
3.68,0.04093567251461988
3.78,0.04093567251461988
3.88,0.08187134502923976
3.98,0.08187134502923976
4.08,0.08187134502923976
4.18,0.12280701754385964
4.28,0.12280701754385964
4.38,0.16374269005847952
4.48,0.16374269005847952
4.58,0.16374269005847952
4.68,0.2046783625730994
4.78,0.16374269005847952
4.88,0.24561403508771928
4.98,0.24561403508771928
5.08,0.24561403508771928
5.18,0.28654970760233917
5.28,0.28654970760233917
5.38,0.32748538011695905
5.48,0.32748538011695905
5.58,0.3684210526315789
5.68,0.3684210526315789
5.78,0.3684210526315789
5.88,0.4093567251461988
5.98,0.5321637426900585
6.07,0.5730994152046783
6.17,0.5730994152046783
6.27,0.5730994152046783
6.37,0.6140350877192982
6.47,0.6140350877192982
6.57,0.6140350877192982
6.67,0.5321637426900585
6.77,0.5730994152046783
6.87,0.5730994152046783
6.97,0.5730994152046783
7.07,13.5906432748538
7.17,13.5906432748538
7.27,13.5906432748538
7.37,13.5906432748538
7.47,13.5906432748538
7.57,13.5906432748538
7.67,13.5906432748538
7.77,13.5906432748538
7.87,13.5906432748538
7.97,13.5906432748538
8.07,13.5906432748538
8.17,13.5906432748538
8.27,13.5906432748538
8.37,13.5906432748538
8.46,13.5906432748538
8.56,13.549707602339181
8.66,13.5906432748538
8.76,13.5906432748538
8.86,13.5906432748538
8.96,13.549707602339181
9.06,13.5906432748538
9.16,13.5906432748538
9.26,13.5906432748538
9.36,13.549707602339181
9.46,1.3508771929824561
9.56,1.391812865497076
9.66,1.2690058479532162
9.76,1.2690058479532162
9.86,1.3099415204678362
9.96,1.3099415204678362
10.06,1.3099415204678362
10.16,1.3099415204678362
10.26,1.3508771929824561
10.36,1.3508771929824561
10.46,1.4736842105263157
10.56,1.4736842105263157
10.66,1.4736842105263157
10.76,1.5146198830409356
10.85,1.5555555555555554
10.95,1.5555555555555554
11.05,1.5964912280701753
11.15,1.6374269005847952
11.25,1.6374269005847952
11.35,1.6783625730994152
11.45,1.6783625730994152
11.55,1.719298245614035
11.65,1.7602339181286548
11.75,1.7602339181286548
11.85,1.8011695906432748
11.95,1.8011695906432748
12.05,1.8421052631578947
12.25,1.8830409356725144
12.35,1.8830409356725144
12.45,1.9239766081871343
12.55,1.9649122807017543
12.65,2.005847953216374
12.75,2.128654970760234
12.85,2.1695906432748537
12.95,2.128654970760234
13.05,2.128654970760234
13.15,2.1695906432748537
13.24,2.128654970760234
13.34,2.1695906432748537
13.44,2.087719298245614
13.54,2.1695906432748537
13.64,2.1695906432748537
15.04,2.5380116959064325
15.14,2.5789473684210527
15.24,2.5789473684210527
15.34,2.6198830409356724
15.44,2.660818713450292
15.54,2.660818713450292
15.63,2.7017543859649122
15.73,2.7017543859649122
15.83,2.742690058479532
15.93,2.783625730994152
16.03,2.783625730994152
16.13,2.9064327485380117
16.23,2.9064327485380117
16.33,2.9064327485380117
16.43,2.9064327485380117
16.53,2.988304093567251
16.63,2.9473684210526314
16.73,2.9473684210526314
16.83,2.9473684210526314
16.93,2.9473684210526314
17.03,2.9064327485380117
17.13,2.9473684210526314
17.23,3.070175438596491
17.33,3.070175438596491
17.43,3.1111111111111107
17.53,3.1111111111111107
17.63,3.1111111111111107
17.73,3.152046783625731
17.83,3.1929824561403506
17.93,3.2339181286549707
18.02,3.2339181286549707
18.12,3.2748538011695905
18.22,3.2748538011695905
18.32,3.31578947368421
18.42,3.31578947368421
18.52,3.3567251461988303
18.62,3.39766081871345
18.72,3.39766081871345
18.82,3.43859649122807
18.92,3.43859649122807
19.02,3.47953216374269
19.12,3.5204678362573096
19.22,3.5204678362573096
19.32,3.56140350877193
19.42,3.56140350877193
19.52,3.6432748538011697
19.62,3.766081871345029
19.72,3.766081871345029
19.82,3.7251461988304095
19.92,3.6842105263157894
20.02,3.7251461988304095
20.12,3.7251461988304095
20.22,3.7251461988304095
20.32,3.7251461988304095
20.41,3.6842105263157894
20.51,3.7251461988304095
20.61,3.8070175438596494
20.71,3.8070175438596494
20.81,3.8479532163742687
20.91,3.8479532163742687
21.01,3.8888888888888893
21.11,3.8888888888888893
21.21,3.8888888888888893
21.31,3.9298245614035086
21.41,3.9298245614035086
21.51,3.9707602339181287
21.61,3.9707602339181287
21.71,3.9707602339181287
21.81,4.011695906432748
21.91,4.011695906432748
22.01,4.011695906432748
22.11,4.052631578947368
22.21,4.052631578947368
22.31,4.093567251461988
22.41,4.093567251461988
22.51,4.093567251461988
22.61,4.1345029239766085
22.71,4.1345029239766085
22.8,4.175438596491228
22.9,4.216374269005848
23.0,4.298245614035088
23.1,4.298245614035088
23.2,4.257309941520468
23.3,4.298245614035088
23.4,4.257309941520468
23.5,4.257309941520468
23.6,4.298245614035088
23.7,4.298245614035088
23.8,4.257309941520468
23.9,4.298245614035088
24.0,4.538461538461538
24.06,4.538461538461538
24.13,4.576923076923077
24.19,4.576923076923077
24.26,4.576923076923077
24.32,4.615384615384615
24.38,4.653846153846153
24.45,4.653846153846153
24.51,4.653846153846153
24.57,4.730769230769231
24.64,4.769230769230769
24.7,4.769230769230769
24.77,4.769230769230769
24.83,4.8076923076923075
24.89,4.8076923076923075
24.96,4.884615384615384
25.02,4.884615384615384
25.09,4.884615384615384
25.15,4.923076923076923
25.21,4.961538461538462
25.28,5.0
25.34,5.0
25.4,5.038461538461538
25.47,5.038461538461538
25.53,5.076923076923077
25.6,5.076923076923077
25.66,5.115384615384615
25.72,5.115384615384615
25.79,5.115384615384615
25.85,5.153846153846154
25.91,5.153846153846154
25.98,5.1923076923076925
26.04,5.1923076923076925
26.11,5.1923076923076925
26.17,5.230769230769231
26.23,5.230769230769231
26.3,5.269230769230769
26.36,5.269230769230769
26.43,5.269230769230769
26.49,5.3076923076923075
26.55,5.3076923076923075
26.62,5.346153846153846
26.68,5.346153846153846
26.74,5.346153846153846
26.81,5.384615384615385
26.87,5.384615384615385
26.94,5.423076923076923
27.0,5.423076923076923
27.06,5.461538461538462
27.13,5.461538461538462
27.19,5.461538461538462
27.26,5.461538461538462
27.32,5.5
27.38,5.5
27.45,5.5
27.51,5.538461538461538
27.57,5.538461538461538
27.64,5.538461538461538
27.7,5.538461538461538
27.77,5.576923076923077
27.83,5.576923076923077
27.89,5.576923076923077
27.96,5.615384615384616
28.02,5.615384615384616
28.09,5.615384615384616
28.15,5.653846153846154
28.21,5.653846153846154
28.28,5.653846153846154
28.34,5.6923076923076925
28.4,5.6923076923076925
28.47,5.730769230769231
28.53,5.730769230769231
28.6,5.730769230769231
28.66,5.769230769230769
28.72,5.769230769230769
28.79,5.769230769230769
28.85,5.807692307692308
28.91,5.807692307692308
28.98,5.807692307692308
29.04,5.846153846153847
29.11,5.846153846153847
29.17,5.846153846153847
29.23,5.846153846153847
29.3,5.846153846153847
29.36,5.884615384615385
29.43,5.884615384615385
29.49,5.884615384615385
29.55,5.923076923076923
29.62,5.923076923076923
29.68,5.923076923076923
29.74,5.923076923076923
29.81,5.961538461538462
29.87,5.961538461538462
29.94,5.961538461538462
30.0,6.0
30.06,6.0
30.13,6.038461538461538
30.19,6.038461538461538
30.26,6.038461538461538
30.32,6.076923076923077
30.38,6.076923076923077
30.45,6.076923076923077
30.51,6.115384615384615
30.57,6.115384615384615
30.64,6.115384615384615
30.7,6.153846153846153
30.77,6.153846153846153
30.83,6.153846153846153
30.89,6.192307692307692
30.96,6.192307692307692
31.02,6.192307692307692
31.09,6.23076923076923
31.15,6.23076923076923
31.21,6.269230769230769
31.28,6.269230769230769
31.34,6.269230769230769
31.4,6.269230769230769
31.47,6.3076923076923075
31.53,6.3076923076923075
31.6,6.3076923076923075
31.66,6.23076923076923
31.72,6.192307692307692
31.79,6.346153846153846
31.85,6.346153846153846
31.91,6.346153846153846
31.98,6.384615384615384
32.04,6.384615384615384
32.11,6.384615384615384
32.17,6.384615384615384
32.23,6.4230769230769225
32.3,6.4230769230769225
32.36,6.4230769230769225
32.43,6.4230769230769225
32.49,6.461538461538462
32.55,6.461538461538462
32.62,6.461538461538462
32.68,6.461538461538462
32.74,6.5
32.81,6.5
32.87,6.5
32.94,6.5
33.0,6.538461538461538
33.06,6.538461538461538
33.13,6.538461538461538
33.19,6.576923076923077
33.26,6.576923076923077
33.32,6.576923076923077
33.38,6.576923076923077
33.45,6.576923076923077
33.51,6.576923076923077
33.57,6.653846153846153
33.64,6.653846153846153
33.7,6.653846153846153
33.77,6.653846153846153
33.83,6.653846153846153
33.89,6.653846153846153
33.96,6.6923076923076925
34.02,6.6923076923076925
34.09,6.6923076923076925
34.15,6.730769230769231
34.21,6.730769230769231
34.28,6.730769230769231
34.34,6.6923076923076925
34.4,6.769230769230769
34.47,6.730769230769231
34.53,6.769230769230769
34.6,6.730769230769231
34.66,6.769230769230769
34.72,6.769230769230769
34.79,6.769230769230769
34.85,6.769230769230769
34.91,6.8076923076923075
34.98,6.846153846153846
35.04,6.846153846153846
35.11,6.8076923076923075
35.17,6.846153846153846
35.23,6.846153846153846
35.3,6.8076923076923075
35.36,6.846153846153846
35.43,6.769230769230769
35.49,6.8076923076923075
35.55,6.846153846153846
35.62,6.846153846153846
35.68,6.846153846153846
35.74,6.8076923076923075
35.81,6.846153846153846
35.87,6.884615384615384
35.94,6.884615384615384
36.0,6.923076923076923
36.06,6.961538461538462
36.13,6.923076923076923
36.19,6.923076923076923
36.26,6.923076923076923
36.32,6.961538461538462
36.38,6.961538461538462
36.45,6.961538461538462
36.51,6.961538461538462
36.57,6.961538461538462
36.64,6.961538461538462
36.7,6.961538461538462
36.77,7.0
36.83,7.0
36.89,7.0
36.96,7.0
37.02,7.0
37.09,7.0
37.15,7.038461538461538
37.21,7.038461538461538
37.28,7.038461538461538
37.34,7.038461538461538
37.4,7.038461538461538
37.47,7.076923076923077
37.53,7.076923076923077
37.6,7.076923076923077
37.66,7.076923076923077
37.72,7.076923076923077
37.79,7.115384615384615
37.85,7.115384615384615
37.91,7.115384615384615
37.98,7.115384615384615
38.04,7.115384615384615
38.11,7.153846153846153
38.17,7.153846153846153
38.23,7.153846153846153
38.3,7.153846153846153
38.36,7.076923076923077
38.43,7.076923076923077
38.49,7.192307692307692
