time_h,hue120,hue143
0.22,2.56551724137931,2.510344827586207
0.33,2.510344827586207,2.4275862068965517
0.44,2.4551724137931035,2.317241379310345
0.54,2.4275862068965517,2.2896551724137932
0.65,2.4275862068965517,2.317241379310345
0.76,2.510344827586207,2.3448275862068964
0.87,2.8137931034482757,
0.98,2.8137931034482757,
1.09,2.8413793103448275,
1.2,3.117241379310345,2.8413793103448275
1.31,3.1724137931034484,2.9517241379310346
1.41,3.2,2.9517241379310346
1.52,3.3655172413793104,2.9793103448275864
1.63,3.668965517241379,3.310344827586207
1.74,3.696551724137931,3.393103448275862
1.85,3.696551724137931,3.393103448275862
1.96,3.9448275862068964,3.4482758620689653
2.07,4.137931034482759,3.696551724137931
2.18,4.137931034482759,3.696551724137931
2.29,4.165517241379311,3.696551724137931
2.39,4.413793103448276,3.8344827586206898
2.5,4.524137931034483,4.0
2.61,4.551724137931035,4.0
2.72,4.551724137931035,4.0
2.83,4.8,4.1931034482758625
2.94,4.882758620689655,4.220689655172414
3.05,4.882758620689655,4.220689655172414
3.16,4.937931034482759,4.303448275862069
3.27,5.13103448275862,4.496551724137931
3.37,5.158620689655172,4.524137931034483
3.48,5.13103448275862,4.524137931034483
3.59,5.268965517241379,4.606896551724138
3.7,5.406896551724138,4.772413793103448
3.81,5.489655172413793,4.772413793103448
3.92,5.43448275862069,4.772413793103448
4.03,5.572413793103448,4.937931034482759
4.14,5.572413793103448,4.993103448275862
4.24,5.655172413793103,4.993103448275862
4.35,5.627586206896551,5.048275862068966
4.46,5.76551724137931,5.186206896551724
4.57,5.710344827586207,5.186206896551724
4.68,5.76551724137931,5.186206896551724
4.79,5.820689655172414,5.213793103448276
4.9,5.793103448275862,5.324137931034483
5.01,5.710344827586207,5.296551724137931
5.12,5.793103448275862,5.324137931034483
5.22,5.7379310344827585,5.3517241379310345
5.33,5.710344827586207,5.379310344827586
5.44,5.710344827586207,
5.55,5.655172413793103,5.43448275862069
5.66,5.489655172413793,5.627586206896551
5.77,5.517241379310345,5.627586206896551
5.88,5.517241379310345,5.627586206896551
5.99,5.43448275862069,5.627586206896551
6.1,5.296551724137931,5.6
6.2,5.296551724137931,5.6
6.31,5.296551724137931,5.6
6.42,5.186206896551724,
6.53,5.296551724137931,5.820689655172414
6.64,5.296551724137931,5.820689655172414
6.75,5.020689655172414,5.793103448275862
6.86,4.910344827586207,5.76551724137931
6.97,5.103448275862069,5.76551724137931
7.07,5.103448275862069,5.76551724137931
7.18,4.662068965517242,5.7379310344827585
7.29,5.103448275862069,5.7379310344827585
7.4,5.158620689655172,5.710344827586207
7.51,5.13103448275862,5.7379310344827585
7.62,4.551724137931035,5.710344827586207
7.73,4.7172413793103445,5.682758620689655
7.84,4.689655172413793,5.682758620689655
7.95,4.606896551724138,5.655172413793103
8.05,4.220689655172414,5.544827586206897
8.16,4.165517241379311,5.572413793103448
8.27,4.137931034482759,5.6
8.38,3.806896551724138,5.517241379310345
8.49,3.475862068965517,5.489655172413793
8.6,3.3655172413793104,5.489655172413793
8.71,3.393103448275862,5.489655172413793
8.82,3.2,5.379310344827586
8.93,2.9793103448275864,5.241379310344827
9.03,2.9793103448275864,5.268965517241379
9.14,2.896551724137931,5.268965517241379
9.25,2.786206896551724,5.13103448275862
9.36,2.4827586206896552,5.048275862068966
9.47,2.4551724137931035,4.993103448275862
9.58,2.4275862068965517,5.020689655172414
9.69,2.2620689655172415,4.855172413793103
9.8,2.179310344827586,4.855172413793103
9.9,2.2620689655172415,4.855172413793103
10.01,2.206896551724138,4.772413793103448
10.12,2.1517241379310343,4.662068965517242
10.23,2.0689655172413794,4.662068965517242
10.34,2.1517241379310343,4.662068965517242
10.45,2.0689655172413794,4.5793103448275865
10.56,2.0413793103448277,4.524137931034483
10.67,1.9310344827586208,4.524137931034483
10.78,2.013793103448276,4.524137931034483
10.88,1.903448275862069,4.413793103448276
10.99,1.8206896551724139,4.386206896551724
11.1,1.8206896551724139,4.386206896551724
11.21,1.7655172413793103,4.303448275862069
11.32,1.6827586206896552,4.1931034482758625
11.43,1.6,4.1931034482758625
11.54,1.6827586206896552,4.1931034482758625
11.65,1.6275862068965516,4.110344827586207
11.76,1.5724137931034483,4.0
11.86,1.5172413793103448,4.0
11.97,1.5448275862068965,4.0
12.08,1.5172413793103448,3.8344827586206898
12.19,1.4896551724137932,3.779310344827586
12.3,1.4896551724137932,3.779310344827586
12.41,1.4896551724137932,3.696551724137931
12.52,1.4344827586206896,3.475862068965517
12.63,1.4068965517241379,3.4482758620689653
12.73,1.4620689655172414,3.4482758620689653
12.84,1.4344827586206896,3.310344827586207
12.95,1.4344827586206896,3.2
13.06,1.4068965517241379,3.2
13.17,1.4344827586206896,3.2
13.28,1.4068965517241379,3.089655172413793
13.39,1.4068965517241379,3.0068965517241377
13.5,1.3793103448275863,3.0068965517241377
13.61,1.4068965517241379,3.0068965517241377
13.71,1.4344827586206896,2.8137931034482757
13.82,1.3793103448275863,2.8413793103448275
13.93,1.4068965517241379,2.8413793103448275
14.04,1.4344827586206896,2.786206896551724
14.15,1.4068965517241379,
14.26,1.3793103448275863,
14.37,1.4068965517241379,
14.48,1.4344827586206896,2.4827586206896552
14.59,1.4068965517241379,2.4275862068965517
14.69,1.3793103448275863,2.4275862068965517
14.8,1.4068965517241379,2.4551724137931035
14.91,1.4344827586206896,2.3448275862068964
15.02,1.3793103448275863,2.317241379310345
15.13,1.4068965517241379,2.317241379310345
15.24,1.4344827586206896,2.2896551724137932
15.35,1.4068965517241379,2.206896551724138
15.46,1.3793103448275863,2.179310344827586
15.56,1.4068965517241379,2.206896551724138
15.67,1.4344827586206896,2.1241379310344826
15.78,1.4344827586206896,2.0965517241379312
15.89,1.4068965517241379,2.0965517241379312
16.0,1.4620689655172414,2.0965517241379312
16.11,1.4344827586206896,2.013793103448276
16.22,1.4344827586206896,2.013793103448276
16.33,1.4344827586206896,2.013793103448276
16.44,1.4344827586206896,2.013793103448276
16.54,1.4344827586206896,1.9586206896551723
16.65,1.4620689655172414,1.9586206896551723
16.76,1.4896551724137932,1.9586206896551723
16.87,1.5172413793103448,1.9310344827586208
16.98,1.4896551724137932,1.903448275862069
17.09,1.4620689655172414,1.903448275862069
17.2,1.4896551724137932,1.9310344827586208
17.31,1.6275862068965516,1.9310344827586208
17.41,6.979310344827586,4.110344827586207
17.52,6.951724137931034,4.110344827586207
17.63,6.979310344827586,6.2620689655172415
17.74,1.4896551724137932,1.8758620689655172
17.85,1.4620689655172414,1.8758620689655172
17.96,1.4896551724137932,1.8758620689655172
18.07,1.4896551724137932,1.8758620689655172
18.18,1.4620689655172414,1.903448275862069
18.29,1.4344827586206896,1.903448275862069
18.39,1.4068965517241379,1.8482758620689654
18.5,1.4344827586206896,1.8758620689655172
18.61,1.4068965517241379,1.8758620689655172
18.72,1.3793103448275863,1.8758620689655172
18.83,1.4344827586206896,1.8758620689655172
18.94,1.4344827586206896,1.9310344827586208
19.05,1.3793103448275863,1.9310344827586208
19.16,1.4068965517241379,1.9310344827586208
19.27,1.4344827586206896,1.9310344827586208
19.37,1.4068965517241379,1.986206896551724
19.48,1.3793103448275863,1.9586206896551723
19.59,1.4068965517241379,1.9586206896551723
19.7,1.4344827586206896,1.986206896551724
19.81,1.4068965517241379,2.013793103448276
19.92,1.3793103448275863,2.013793103448276
20.03,1.4068965517241379,2.013793103448276
20.14,1.4068965517241379,2.0689655172413794
20.24,1.3793103448275863,2.0689655172413794
20.35,1.3793103448275863,2.0689655172413794
20.46,1.4068965517241379,2.0689655172413794
20.57,1.4068965517241379,2.0965517241379312
20.68,1.3793103448275863,2.0689655172413794
20.79,1.4068965517241379,2.0689655172413794
20.9,1.4068965517241379,2.0965517241379312
21.01,1.3793103448275863,2.0965517241379312
21.12,1.3517241379310345,2.0965517241379312
21.22,1.3793103448275863,2.1241379310344826
21.33,1.3793103448275863,2.0965517241379312
21.44,1.3517241379310345,2.0965517241379312
21.55,1.3517241379310345,2.0965517241379312
21.66,1.3793103448275863,2.0965517241379312
21.77,1.3793103448275863,2.1241379310344826
21.88,1.3517241379310345,2.1241379310344826
21.99,1.3793103448275863,2.1241379310344826
22.1,1.3793103448275863,2.1241379310344826
22.2,1.3793103448275863,2.0965517241379312
22.31,1.3517241379310345,2.0965517241379312
22.42,1.3793103448275863,2.0965517241379312
22.53,1.3793103448275863,2.0965517241379312
22.64,1.3517241379310345,2.0965517241379312
22.75,1.3241379310344827,2.0965517241379312
22.86,1.3517241379310345,2.1241379310344826
22.97,1.3517241379310345,2.1241379310344826
23.07,1.3241379310344827,2.0965517241379312
23.18,1.3517241379310345,2.0965517241379312
23.29,1.3517241379310345,2.1241379310344826
23.4,1.3517241379310345,2.1241379310344826
23.51,1.3241379310344827,2.0965517241379312
23.62,1.3517241379310345,2.0965517241379312
23.73,1.3517241379310345,2.0965517241379312
23.84,1.3517241379310345,2.0965517241379312
23.95,1.3241379310344827,2.0965517241379312
