time_h,hue120
0.21,1.5033557046979866
0.32,1.5033557046979866
0.42,1.476510067114094
0.53,1.395973154362416
0.63,1.395973154362416
0.74,1.395973154362416
0.85,1.5302013422818792
0.95,1.74496644295302
1.06,1.7718120805369129
1.16,1.7986577181208054
1.27,1.8791946308724832
1.37,2.228187919463087
1.48,2.3087248322147653
1.59,2.3087248322147653
1.69,2.3624161073825505
1.8,2.738255033557047
1.9,2.791946308724832
2.01,2.791946308724832
2.11,2.8456375838926173
2.22,3.087248322147651
2.33,3.248322147651007
2.43,3.2751677852348995
2.54,3.302013422818792
2.64,3.48993288590604
2.75,3.704697986577181
2.85,3.7583892617449663
2.96,3.7583892617449663
3.07,3.9731543624161074
3.17,4.1610738255033555
3.28,4.1879194630872485
3.38,4.1879194630872485
3.49,4.268456375838926
3.59,4.617449664429531
3.7,4.644295302013423
3.81,4.644295302013423
3.91,4.697986577181208
4.02,5.046979865771812
4.12,5.073825503355705
4.23,5.073825503355705
4.33,5.100671140939597
4.44,5.395973154362416
4.55,5.476510067114094
4.65,5.476510067114094
4.76,5.476510067114094
4.86,5.6644295302013425
4.97,5.798657718120805
5.07,5.798657718120805
5.18,5.825503355704698
5.29,5.9865771812080535
5.39,6.147651006711409
5.5,6.174496644295302
5.6,6.174496644295302
5.71,6.25503355704698
5.81,6.442953020134228
5.92,6.469798657718121
6.03,6.469798657718121
6.13,6.469798657718121
6.24,6.657718120805369
6.34,6.684563758389261
6.45,6.684563758389261
6.56,6.684563758389261
6.66,6.87248322147651
6.77,6.87248322147651
6.87,6.87248322147651
6.98,6.87248322147651
7.08,6.953020134228188
7.19,7.006711409395973
7.3,7.006711409395973
7.4,7.006711409395973
7.51,7.060402684563758
7.61,7.087248322147651
7.72,7.114093959731544
7.82,7.087248322147651
7.93,7.114093959731544
8.04,7.140939597315437
8.14,7.140939597315437
8.25,7.140939597315437
8.35,7.140939597315437
8.46,7.167785234899329
8.56,7.167785234899329
8.67,7.167785234899329
8.78,7.167785234899329
8.88,7.060402684563758
8.99,7.060402684563758
9.09,7.060402684563758
9.2,7.060402684563758
9.3,6.899328859060403
9.41,6.818791946308725
9.52,6.818791946308725
9.62,6.818791946308725
9.73,6.657718120805369
9.83,6.550335570469799
9.94,6.577181208053691
10.04,6.550335570469799
10.15,6.469798657718121
10.26,6.3355704697986575
10.36,6.3355704697986575
10.47,6.3355704697986575
10.57,6.25503355704698
10.68,6.147651006711409
10.78,6.147651006711409
10.89,6.147651006711409
11.0,6.120805369127517
11.1,5.932885906040268
11.21,5.932885906040268
11.31,5.932885906040268
11.42,5.906040268456376
11.52,5.691275167785235
11.63,5.6644295302013425
11.74,5.6644295302013425
11.84,5.6375838926174495
11.95,5.395973154362416
12.05,5.2885906040268456
12.16,5.2885906040268456
12.26,5.2885906040268456
12.37,5.12751677852349
12.48,5.02013422818792
12.58,5.02013422818792
12.69,5.02013422818792
12.79,4.859060402684563
12.9,4.671140939597316
13.0,4.671140939597316
13.11,4.671140939597316
13.22,4.590604026845638
13.32,4.375838926174497
13.43,4.348993288590604
13.53,4.348993288590604
13.64,4.241610738255034
13.74,3.9731543624161074
13.85,3.9194630872483223
13.96,3.8926174496644297
14.06,3.8926174496644297
14.17,3.651006711409396
14.27,3.5704697986577183
14.38,3.704697986577181
14.48,3.5704697986577183
14.59,3.38255033557047
14.7,3.3288590604026846
14.8,3.3288590604026846
14.91,3.3288590604026846
15.01,3.1677852348993287
15.12,3.087248322147651
15.22,3.0604026845637584
15.33,3.087248322147651
15.44,2.9798657718120807
15.54,2.791946308724832
15.65,2.8187919463087248
15.75,2.7651006711409396
15.86,2.7114093959731544
15.96,2.523489932885906
16.07,2.7651006711409396
16.18,2.523489932885906
16.28,2.523489932885906
16.39,2.335570469798658
16.49,2.3624161073825505
16.6,2.4966442953020134
16.7,2.3624161073825505
16.81,2.2550335570469797
16.92,2.2013422818791946
17.02,2.3624161073825505
17.13,2.228187919463087
17.23,2.174496644295302
17.34,2.174496644295302
17.44,2.2818791946308723
17.55,2.684563758389262
17.66,2.523489932885906
17.76,2.040268456375839
17.87,2.1476510067114094
17.97,1.9865771812080537
18.08,2.0134228187919465
18.19,1.9328859060402686
18.29,2.0671140939597317
18.4,1.9060402684563758
18.5,1.9060402684563758
18.61,1.825503355704698
18.71,1.8523489932885906
18.82,1.9865771812080537
18.93,1.825503355704698
19.03,1.7986577181208054
19.14,1.7986577181208054
19.24,1.9060402684563758
19.35,1.7986577181208054
19.45,1.74496644295302
19.56,1.7718120805369129
19.67,1.8791946308724832
19.77,1.74496644295302
19.88,1.74496644295302
19.98,1.74496644295302
20.09,1.8523489932885906
20.19,1.74496644295302
20.3,1.7181208053691275
20.41,1.7181208053691275
20.51,1.825503355704698
20.62,1.74496644295302
20.72,1.7181208053691275
20.83,1.691275167785235
20.93,1.74496644295302
21.04,1.7181208053691275
21.15,1.691275167785235
21.25,1.691275167785235
21.36,1.7181208053691275
21.46,1.7181208053691275
21.57,1.691275167785235
21.67,1.6375838926174497
21.78,1.476510067114094
21.89,1.691275167785235
21.99,1.6375838926174497
22.1,1.4496644295302012
22.2,1.5570469798657718
22.31,1.691275167785235
22.41,1.5570469798657718
22.52,1.476510067114094
22.63,1.4228187919463087
22.73,1.4228187919463087
22.84,1.4228187919463087
22.94,1.4496644295302012
23.05,1.395973154362416
23.15,1.342281879194631
23.26,1.395973154362416
23.37,1.4228187919463087
23.47,1.3691275167785235
23.58,1.2885906040268456
23.68,1.3691275167785235
23.79,1.395973154362416
