time_h,value
1.46,0.03864734299516908
1.6,0.5024154589371981
1.75,0.5797101449275363
1.9,0.6570048309178744
2.04,0.7729468599033816
2.19,1.3526570048309179
2.33,1.6231884057971016
2.48,1.7004830917874396
2.63,1.9710144927536233
2.77,2.5120772946859904
2.92,2.6280193236714977
3.06,2.743961352657005
3.21,3.0531400966183573
3.36,3.632850241545894
3.5,3.78743961352657
3.65,3.864734299516908
3.79,4.2898550724637685
3.94,4.676328502415459
4.09,4.714975845410628
4.23,4.753623188405797
4.38,5.140096618357488
4.52,5.48792270531401
4.67,5.526570048309178
4.81,5.603864734299517
4.96,5.990338164251208
5.11,6.144927536231884
5.25,6.144927536231884
5.4,6.183574879227053
5.54,6.454106280193237
5.69,6.492753623188406
5.84,6.492753623188406
5.98,6.608695652173913
6.13,6.840579710144928
6.27,6.840579710144928
6.42,6.840579710144928
6.57,6.879227053140097
6.71,6.879227053140097
6.86,6.879227053140097
7.0,6.879227053140097
7.15,6.763285024154589
7.29,6.72463768115942
7.44,6.72463768115942
7.59,6.72463768115942
7.73,6.647342995169082
7.88,6.531400966183575
8.02,6.531400966183575
8.17,6.454106280193237
8.32,6.106280193236715
8.46,5.951690821256038
8.61,5.990338164251208
8.75,5.797101449275362
8.9,5.449275362318841
9.05,5.371980676328502
9.19,5.333333333333333
9.34,5.140096618357488
9.48,4.792270531400966
9.63,4.714975845410628
9.78,4.714975845410628
9.92,4.444444444444445
10.07,4.21256038647343
10.21,4.173913043478261
10.36,4.1352657004830915
10.5,3.710144927536232
10.65,3.5942028985507246
10.8,3.5942028985507246
10.94,3.5555555555555554
11.09,3.207729468599034
11.23,3.0917874396135265
11.38,3.0917874396135265
11.53,2.975845410628019
11.67,2.5120772946859904
11.82,2.4347826086956523
11.96,2.473429951690821
12.11,2.318840579710145
12.26,2.0483091787439616
12.4,2.0483091787439616
12.55,2.0096618357487923
12.69,1.7777777777777777
12.84,1.5458937198067633
12.98,1.5072463768115942
13.13,1.5072463768115942
13.28,1.2367149758454106
13.42,1.0434782608695652
13.57,1.1594202898550725
13.71,1.0048309178743962
13.86,0.6956521739130435
14.01,0.5024154589371981
14.15,0.8888888888888888
14.3,0.5024154589371981
14.44,0.1932367149758454
14.59,0.5024154589371981
14.74,0.15458937198067632
14.88,0.1932367149758454
15.03,0.5024154589371981
15.17,0.34782608695652173
15.32,0.5024154589371981
15.47,0.463768115942029
15.61,0.07729468599033816
15.76,0.03864734299516908
15.9,0.07729468599033816
16.05,0.07729468599033816
23.64,7.536231884057971
23.78,7.536231884057971
23.93,7.536231884057971
